<application>
  <component name="MaterialThemeConfig">
    <option name="compactMenus" value="true" />
    <option name="highContrast" value="true" />
    <option name="compactSidebar" value="true" />
    <option name="isCompactMenus" value="true" />
    <option name="isHighContrast" value="true" />
    <option name="isWizardShown" value="true" />
    <option name="overrideAccentColor" value="false" />
    <option name="useMaterialFont2" value="true" />
    <option name="useMaterialWallpapers" value="true" />
    <option name="indicatorStyle" value="Dot" />
    <option name="tabsHeight" value="42" />
    <option name="accentColor" value="ff9800" />
    <option name="selectedTheme" value="MONOKAI" />
    <option name="userId" value="523f95fd:172eb40e0fb:-8000" />
    <option name="version" value="5.2.0" />
  </component>
</application>