<application>
  <component name="VimEditorSettings">
    <editor />
  </component>
  <component name="VimHistorySettings">
    <history>
      <history-search>
        <entry>res</entry>
      </history-search>
    </history>
  </component>
  <component name="VimKeySettings">
    <shortcut-conflicts>
      <shortcut-conflict owner="ide">
        <text>ctrl pressed N</text>
      </shortcut-conflict>
      <shortcut-conflict owner="vim">
        <text>ctrl pressed E</text>
      </shortcut-conflict>
      <shortcut-conflict owner="ide">
        <text>ctrl pressed J</text>
      </shortcut-conflict>
      <shortcut-conflict owner="ide">
        <text>ctrl pressed K</text>
      </shortcut-conflict>
      <shortcut-conflict owner="ide">
        <text>ctrl pressed A</text>
      </shortcut-conflict>
      <shortcut-conflict owner="ide">
        <text>ctrl pressed M</text>
      </shortcut-conflict>
      <shortcut-conflict owner="ide">
        <text>ctrl pressed D</text>
      </shortcut-conflict>
      <shortcut-conflict owner="ide">
        <text>ctrl pressed O</text>
      </shortcut-conflict>
      <shortcut-conflict owner="ide">
        <text>ctrl pressed F</text>
      </shortcut-conflict>
      <shortcut-conflict owner="ide">
        <text>ctrl pressed G</text>
      </shortcut-conflict>
      <shortcut-conflict owner="ide">
        <text>ctrl pressed H</text>
      </shortcut-conflict>
      <shortcut-conflict owner="ide">
        <text>shift ctrl pressed 6</text>
      </shortcut-conflict>
      <shortcut-conflict owner="ide">
        <text>ctrl pressed I</text>
      </shortcut-conflict>
    </shortcut-conflicts>
  </component>
  <component name="VimMarksSettings">
    <globalmarks />
    <filemarks>
      <file name="$USER_HOME$/Documents/development/workspaces/workspace4me/learn-golang2/basic/regex/regex.go" timestamp="1593149773609">
        <mark key="[" line="12" column="11" />
        <mark key="]" line="12" column="11" />
        <mark key="^" line="12" column="12" />
        <mark key="." line="12" column="11" />
      </file>
      <file name="/Dummy.txt" timestamp="1593088829902">
        <mark key="[" line="0" column="0" />
      </file>
      <file name="$USER_HOME$/Documents/development/workspaces/workspace4me/learn-golang/basic/atomic/atomic.go" timestamp="1593087013788">
        <mark key="[" line="21" column="1" />
        <mark key="]" line="21" column="1" />
        <mark key="^" line="21" column="1" />
        <mark key="." line="21" column="0" />
      </file>
      <file name="$USER_HOME$/Documents/development/workspaces/workspace4me/learn-golang2/basic/atomic/atomic.go" timestamp="1593151267217">
        <mark key="[" line="0" column="14" />
      </file>
      <file name="$USER_HOME$/Documents/development/workspaces/workspace4me/learn-golang2/channel/channel1.go" timestamp="1593174238533">
        <mark key="[" line="44" column="26" />
        <mark key="]" line="45" column="38" />
        <mark key="^" line="45" column="38" />
        <mark key="." line="45" column="37" />
      </file>
      <file name="$USER_HOME$/Documents/development/workspaces/workspace4me/learn-golang2/basic/map/map.go" timestamp="1593176375780">
        <mark key="[" line="10" column="23" />
        <mark key="]" line="10" column="21" />
        <mark key="^" line="10" column="21" />
        <mark key="." line="10" column="20" />
      </file>
      <file name="$USER_HOME$/Documents/development/workspaces/workspace4me/learn-golang2/basic/func/func.go" timestamp="1593096308123">
        <mark key="[" line="59" column="14" />
        <mark key="]" line="59" column="14" />
        <mark key="^" line="59" column="15" />
        <mark key="." line="59" column="14" />
      </file>
      <file name="/fragment.go" timestamp="1593141051296">
        <mark key="[" line="0" column="0" />
      </file>
      <file name="$USER_HOME$/Documents/development/workspaces/workspace4me/learn-golang/crawler/scheduler/queued.go" timestamp="1593085611637">
        <mark key="[" line="17" column="34" />
        <mark key="]" line="20" column="61" />
        <mark key="^" line="20" column="61" />
        <mark key="." line="20" column="60" />
      </file>
      <file name="$USER_HOME$/code/go/src/code.byted.org/LarkFoundation/Hammurabi/zoominfo/company/company.go" timestamp="1592995581717">
        <mark key="'" line="34" column="12" />
        <mark key="[" line="17" column="24" />
        <mark key="]" line="17" column="30" />
        <mark key="^" line="17" column="30" />
        <mark key="." line="17" column="29" />
      </file>
      <file name="$USER_HOME$/.ideavimrc" timestamp="1593090837951">
        <mark key="[" line="0" column="17" />
      </file>
      <file name="$USER_HOME$/Documents/development/workspaces/workspace4me/learn-golang/basic/loop/loop.go" timestamp="1593096925273" />
      <file name="$USER_HOME$/Documents/development/workspaces/workspace4me/learn-golang/channel/channel.go" timestamp="1593175400348">
        <mark key="[" line="44" column="1" />
        <mark key="]" line="42" column="12" />
        <mark key="^" line="42" column="12" />
        <mark key="." line="42" column="11" />
      </file>
      <file name="$USER_HOME$/Documents/development/workspaces/workspace4me/learn-golang2/basic/basic/basic.go" timestamp="1593090949177">
        <mark key="[" line="82" column="1" />
        <mark key="]" line="84" column="0" />
        <mark key="^" line="84" column="0" />
        <mark key="." line="84" column="0" />
      </file>
      <file name="$USER_HOME$/Documents/development/workspaces/workspace4me/learn-golang/basic/func/func.go" timestamp="1593095907553" />
      <file name="$USER_HOME$/Documents/development/workspaces/workspace4me/learn-golang2/basic/loop/loop.go" timestamp="1593141280609">
        <mark key="[" line="30" column="27" />
      </file>
      <file name="/usr/local/Cellar/go/1.12.9/libexec/src/regexp/regexp.go" timestamp="1593150237947" />
      <file name="$USER_HOME$/Documents/development/workspaces/workspace4me/learn-golang2/basic/branch/branch.go" timestamp="1593095444684">
        <mark key="[" line="25" column="30" />
        <mark key="]" line="25" column="30" />
        <mark key="^" line="25" column="31" />
        <mark key="." line="25" column="30" />
      </file>
      <file name="$USER_HOME$/Documents/development/workspaces/workspace4me/learn-golang/basic/regex/regex.go" timestamp="1593150219694">
        <mark key="[" line="17" column="9" />
      </file>
    </filemarks>
    <jumps>
      <jump line="16" column="0" filename="$USER_HOME$/code/go/src/code.byted.org/LarkFoundation/Hammurabi/zoominfo/company/company.go" />
      <jump line="0" column="0" filename="$USER_HOME$/code/go/src/code.byted.org/LarkFoundation/Hammurabi/zoominfo/company/company.go" />
      <jump line="58" column="0" filename="$USER_HOME$/code/go/src/code.byted.org/LarkFoundation/Hammurabi/zoominfo/company/company.go" />
      <jump line="47" column="8" filename="$USER_HOME$/code/go/src/code.byted.org/LarkFoundation/Hammurabi/zoominfo/company/company.go" />
      <jump line="53" column="8" filename="$USER_HOME$/code/go/src/code.byted.org/LarkFoundation/Hammurabi/zoominfo/company/company.go" />
      <jump line="57" column="12" filename="$USER_HOME$/code/go/src/code.byted.org/LarkFoundation/Hammurabi/zoominfo/company/company.go" />
      <jump line="22" column="8" filename="$USER_HOME$/code/go/src/code.byted.org/LarkFoundation/Hammurabi/zoominfo/company/company.go" />
      <jump line="29" column="8" filename="$USER_HOME$/code/go/src/code.byted.org/LarkFoundation/Hammurabi/zoominfo/company/company.go" />
      <jump line="34" column="12" filename="$USER_HOME$/code/go/src/code.byted.org/LarkFoundation/Hammurabi/zoominfo/company/company.go" />
    </jumps>
  </component>
  <component name="VimRegisterSettings">
    <registers>
      <register name="&quot;" type="4">
        <text encoding="base64">IG1pY2hhZWwuemhhbmc=</text>
      </register>
      <register name="-" type="4">
        <text encoding="base64">IG1pY2hhZWwuemhhbmc=</text>
      </register>
      <register name="/" type="4">
        <text>res</text>
      </register>
    </registers>
  </component>
  <component name="VimSearchSettings">
    <search>
      <last-search>res</last-search>
      <last-offset />
      <last-pattern>res</last-pattern>
      <last-dir>1</last-dir>
      <show-last>false</show-last>
    </search>
  </component>
  <component name="VimSettings">
    <state version="6" enabled="true" />
    <notifications>
      <idea-join enabled="false" />
      <idea-put enabled="false" />
    </notifications>
  </component>
</application>