<keymap version="1" name="Michael's Profile" parent="Eclipse">
  <action id="$Copy">
    <keyboard-shortcut first-keystroke="meta c" />
  </action>
  <action id="$Cut">
    <keyboard-shortcut first-keystroke="ctrl x" />
    <keyboard-shortcut first-keystroke="shift delete" />
    <keyboard-shortcut first-keystroke="meta x" />
  </action>
  <action id="$Delete">
    <keyboard-shortcut first-keystroke="delete" />
    <keyboard-shortcut first-keystroke="meta back_space" />
  </action>
  <action id="$Paste">
    <keyboard-shortcut first-keystroke="ctrl v" />
    <keyboard-shortcut first-keystroke="meta v" />
  </action>
  <action id="$SelectAll">
    <keyboard-shortcut first-keystroke="meta a" />
  </action>
  <action id="$Undo">
    <keyboard-shortcut first-keystroke="ctrl z" />
    <keyboard-shortcut first-keystroke="meta z" />
  </action>
  <action id="ActivateDatabaseToolWindow">
    <keyboard-shortcut first-keystroke="shift meta l" />
  </action>
  <action id="ActivateProjectToolWindow">
    <keyboard-shortcut first-keystroke="alt 1" />
    <keyboard-shortcut first-keystroke="shift meta r" />
  </action>
  <action id="ActivateTerminalToolWindow">
    <keyboard-shortcut first-keystroke="shift meta b" />
  </action>
  <action id="Back">
    <keyboard-shortcut first-keystroke="alt left" />
    <mouse-shortcut keystroke="button4" />
    <keyboard-shortcut first-keystroke="alt j" />
    <keyboard-shortcut first-keystroke="meta down" />
  </action>
  <action id="ChangesView.Rename" />
  <action id="ChooseDebugConfiguration">
    <keyboard-shortcut first-keystroke="shift alt f9" />
    <keyboard-shortcut first-keystroke="shift meta c" />
  </action>
  <action id="CloseActiveTab" />
  <action id="CloseAllEditorsButActive">
    <keyboard-shortcut first-keystroke="meta i" />
  </action>
  <action id="CloseContent">
    <keyboard-shortcut first-keystroke="meta w" />
  </action>
  <action id="CodeCompletion" />
  <action id="CollapseAllRegions">
    <keyboard-shortcut first-keystroke="shift ctrl divide" />
    <keyboard-shortcut first-keystroke="shift ctrl minus" />
  </action>
  <action id="CommentByLineComment">
    <keyboard-shortcut first-keystroke="ctrl slash" />
    <keyboard-shortcut first-keystroke="ctrl divide" />
    <keyboard-shortcut first-keystroke="meta slash" />
  </action>
  <action id="Console.Execute" />
  <action id="Console.TableResult.EditValue" />
  <action id="Console.TableResult.NavigateAction" />
  <action id="ConsoleView.ClearAll">
    <keyboard-shortcut first-keystroke="shift meta a" />
  </action>
  <action id="CopyPaths">
    <keyboard-shortcut first-keystroke="meta alt p" />
  </action>
  <action id="Debug">
    <keyboard-shortcut first-keystroke="shift f9" />
  </action>
  <action id="Debugger.EvaluateInConsole">
    <keyboard-shortcut first-keystroke="shift meta e" />
  </action>
  <action id="Diagram.SelectAll">
    <keyboard-shortcut first-keystroke="meta a" />
  </action>
  <action id="Diff.ApplyLeftSide">
    <keyboard-shortcut first-keystroke="ctrl meta alt a" />
  </action>
  <action id="Diff.PrevChange">
    <keyboard-shortcut first-keystroke="shift ctrl f6" />
    <keyboard-shortcut first-keystroke="ctrl alt right" />
    <keyboard-shortcut first-keystroke="ctrl page_up" />
    <keyboard-shortcut first-keystroke="meta j" />
  </action>
  <action id="EditSource" />
  <action id="Editor Copy">
    <keyboard-shortcut first-keystroke="meta c" />
  </action>
  <action id="Editor Cut">
    <keyboard-shortcut first-keystroke="meta x" />
  </action>
  <action id="Editor Delete">
    <keyboard-shortcut first-keystroke="meta back_space" />
  </action>
  <action id="Editor Paste">
    <keyboard-shortcut first-keystroke="meta v" />
  </action>
  <action id="Editor SelectAll">
    <keyboard-shortcut first-keystroke="meta a" />
  </action>
  <action id="Editor Undo">
    <keyboard-shortcut first-keystroke="meta z" />
  </action>
  <action id="EditorAddOrRemoveCaret">
    <mouse-shortcut keystroke="shift alt button1" />
    <mouse-shortcut keystroke="meta button1" />
  </action>
  <action id="EditorChooseLookupItemCompleteStatement">
    <keyboard-shortcut first-keystroke="shift ctrl enter" />
  </action>
  <action id="EditorContextInfo" />
  <action id="EditorDecreaseFontSize">
    <keyboard-shortcut first-keystroke="meta minus" />
  </action>
  <action id="EditorDeleteLine">
    <keyboard-shortcut first-keystroke="ctrl d" />
    <keyboard-shortcut first-keystroke="meta d" />
  </action>
  <action id="EditorDown">
    <keyboard-shortcut first-keystroke="down" />
    <keyboard-shortcut first-keystroke="ctrl j" />
  </action>
  <action id="EditorDuplicateLines">
    <keyboard-shortcut first-keystroke="ctrl alt down" />
    <keyboard-shortcut first-keystroke="alt d" />
  </action>
  <action id="EditorEscape" />
  <action id="EditorIncreaseFontSize">
    <keyboard-shortcut first-keystroke="meta equals" />
  </action>
  <action id="EditorIndentLineOrSelection">
    <keyboard-shortcut first-keystroke="meta close_bracket" />
  </action>
  <action id="EditorLineEnd">
    <keyboard-shortcut first-keystroke="end" />
    <keyboard-shortcut first-keystroke="ctrl e" />
    <keyboard-shortcut first-keystroke="meta semicolon" />
    <keyboard-shortcut first-keystroke="meta right" />
  </action>
  <action id="EditorLineStart">
    <keyboard-shortcut first-keystroke="home" />
    <keyboard-shortcut first-keystroke="ctrl a" />
    <keyboard-shortcut first-keystroke="shift meta semicolon" />
    <keyboard-shortcut first-keystroke="meta left" />
  </action>
  <action id="EditorResetFontSize">
    <keyboard-shortcut first-keystroke="meta 0" />
  </action>
  <action id="EditorSelectWord">
    <keyboard-shortcut first-keystroke="shift alt up" />
    <keyboard-shortcut first-keystroke="ctrl semicolon" />
  </action>
  <action id="EditorToggleColumnMode">
    <keyboard-shortcut first-keystroke="meta alt down" />
  </action>
  <action id="EditorUnindentSelection">
    <keyboard-shortcut first-keystroke="shift tab" />
    <keyboard-shortcut first-keystroke="meta open_bracket" />
  </action>
  <action id="EditorUp">
    <keyboard-shortcut first-keystroke="up" />
    <keyboard-shortcut first-keystroke="ctrl k" />
  </action>
  <action id="EvaluateExpression">
    <keyboard-shortcut first-keystroke="ctrl u" />
    <keyboard-shortcut first-keystroke="meta u" />
  </action>
  <action id="ExpandAllRegions">
    <keyboard-shortcut first-keystroke="ctrl multiply" />
    <keyboard-shortcut first-keystroke="shift ctrl equals" />
  </action>
  <action id="ExportSettings">
    <keyboard-shortcut first-keystroke="shift meta close_bracket" />
  </action>
  <action id="ExportToTextFile" />
  <action id="FileStructurePopup">
    <keyboard-shortcut first-keystroke="ctrl f3" />
    <keyboard-shortcut first-keystroke="ctrl o" />
    <keyboard-shortcut first-keystroke="meta o" />
  </action>
  <action id="Find">
    <keyboard-shortcut first-keystroke="meta f" />
  </action>
  <action id="FindBugs.PreviewSelectBugInstance">
    <mouse-shortcut keystroke="alt button1" />
  </action>
  <action id="FindInPath">
    <keyboard-shortcut first-keystroke="ctrl h" />
    <keyboard-shortcut first-keystroke="shift meta h" />
  </action>
  <action id="FindNext" />
  <action id="FindPrevious">
    <keyboard-shortcut first-keystroke="shift ctrl k" />
    <keyboard-shortcut first-keystroke="meta alt k" />
  </action>
  <action id="FocusEditor" />
  <action id="Forward">
    <keyboard-shortcut first-keystroke="alt right" />
    <mouse-shortcut keystroke="button5" />
    <keyboard-shortcut first-keystroke="alt k" />
    <keyboard-shortcut first-keystroke="meta up" />
  </action>
  <action id="Generate">
    <keyboard-shortcut first-keystroke="meta g" />
  </action>
  <action id="Git.Rename.Local.Branch" />
  <action id="Git.Reword.Commit" />
  <action id="GoOpenSettings" />
  <action id="GotoAction">
    <keyboard-shortcut first-keystroke="shift meta p" />
  </action>
  <action id="GotoDeclaration">
    <keyboard-shortcut first-keystroke="f3" />
    <mouse-shortcut keystroke="control button1" />
    <keyboard-shortcut first-keystroke="meta r" />
  </action>
  <action id="GotoFile">
    <keyboard-shortcut first-keystroke="shift ctrl r" />
    <keyboard-shortcut first-keystroke="meta p" />
  </action>
  <action id="GotoImplementation">
    <keyboard-shortcut first-keystroke="meta e" />
  </action>
  <action id="GotoLine">
    <keyboard-shortcut first-keystroke="meta l" />
  </action>
  <action id="GuiDesigner.IncreaseIndent">
    <keyboard-shortcut first-keystroke="tab" />
  </action>
  <action id="GuiDesigner.QuickJavadoc">
    <mouse-shortcut keystroke="alt button2" />
    <keyboard-shortcut first-keystroke="shift ctrl space" />
  </action>
  <action id="HideActiveWindow">
    <keyboard-shortcut first-keystroke="shift escape" />
    <keyboard-shortcut first-keystroke="meta h" />
  </action>
  <action id="Images.Thumbnails.EnterAction" />
  <action id="ImplementMethods">
    <keyboard-shortcut first-keystroke="shift alt p" />
    <keyboard-shortcut first-keystroke="meta enter" />
  </action>
  <action id="IncrementalSearch" />
  <action id="MakeModule">
    <keyboard-shortcut first-keystroke="alt p" />
  </action>
  <action id="NewElementInMenuGroup">
    <keyboard-shortcut first-keystroke="meta n" />
  </action>
  <action id="NewElementMenu">
    <keyboard-shortcut first-keystroke="meta n" />
  </action>
  <action id="NextTab">
    <keyboard-shortcut first-keystroke="ctrl f6" />
    <keyboard-shortcut first-keystroke="ctrl alt left" />
    <keyboard-shortcut first-keystroke="ctrl page_down" />
    <keyboard-shortcut first-keystroke="meta k" />
  </action>
  <action id="NextTemplateVariable">
    <keyboard-shortcut first-keystroke="tab" />
  </action>
  <action id="OpenInTerminal.open.current">
    <keyboard-shortcut first-keystroke="alt t" />
  </action>
  <action id="OpenInTerminal.open.module">
    <keyboard-shortcut first-keystroke="meta alt t" />
  </action>
  <action id="PreviousTab">
    <keyboard-shortcut first-keystroke="meta j" />
  </action>
  <action id="PropertyInspectorActions.EditValue" />
  <action id="QuickJavaDoc">
    <keyboard-shortcut first-keystroke="shift meta d" />
  </action>
  <action id="RecentFiles" />
  <action id="RevealIn">
    <keyboard-shortcut first-keystroke="alt o" />
  </action>
  <action id="SaveAll">
    <keyboard-shortcut first-keystroke="ctrl s" />
    <keyboard-shortcut first-keystroke="meta s" />
  </action>
  <action id="ScanMoreAction">
    <keyboard-shortcut first-keystroke="alt down" />
  </action>
  <action id="SelectNextOccurrence">
    <keyboard-shortcut first-keystroke="alt y" />
    <keyboard-shortcut first-keystroke="meta m" />
    <keyboard-shortcut first-keystroke="shift meta comma" />
  </action>
  <action id="ServiceView.JumpToServices">
    <keyboard-shortcut first-keystroke="alt home" />
  </action>
  <action id="SetShortcutAction">
    <keyboard-shortcut first-keystroke="shift alt j" />
    <keyboard-shortcut first-keystroke="shift ctrl m" />
  </action>
  <action id="ShelvedChanges.Rename" />
  <action id="ShowPopupMenu">
    <keyboard-shortcut first-keystroke="ctrl n" />
    <keyboard-shortcut first-keystroke="shift alt s" />
    <keyboard-shortcut first-keystroke="ctrl f10" />
    <keyboard-shortcut first-keystroke="shift alt t" />
    <keyboard-shortcut first-keystroke="shift meta s" />
  </action>
  <action id="SplitHorizontally">
    <keyboard-shortcut first-keystroke="meta alt 3" />
  </action>
  <action id="SplitVertically">
    <keyboard-shortcut first-keystroke="meta alt 2" />
  </action>
  <action id="Stop">
    <keyboard-shortcut first-keystroke="ctrl f2" />
    <keyboard-shortcut first-keystroke="shift meta x" />
  </action>
  <action id="SwitchApply">
    <keyboard-shortcut first-keystroke="ctrl alt enter" />
  </action>
  <action id="SwitchDown">
    <keyboard-shortcut first-keystroke="ctrl alt down" />
  </action>
  <action id="SwitchLeft">
    <keyboard-shortcut first-keystroke="ctrl alt left" />
  </action>
  <action id="SwitchRight">
    <keyboard-shortcut first-keystroke="ctrl alt right" />
  </action>
  <action id="SwitchUp">
    <keyboard-shortcut first-keystroke="ctrl alt up" />
  </action>
  <action id="Synchronize">
    <keyboard-shortcut first-keystroke="alt s" />
  </action>
  <action id="Terminal.SwitchFocusToEditor" />
  <action id="ThemeSwitcher.Switcher">
    <keyboard-shortcut first-keystroke="shift meta c" />
  </action>
  <action id="ToggleFullScreen">
    <keyboard-shortcut first-keystroke="ctrl meta f" />
  </action>
  <action id="UnsplitAll">
    <keyboard-shortcut first-keystroke="meta alt 1" />
    <keyboard-shortcut first-keystroke="ctrl meta alt 1" />
  </action>
  <action id="UpdateFiles">
    <keyboard-shortcut first-keystroke="alt dead_diaeresis" />
  </action>
  <action id="Vcs.EditSource" />
  <action id="Vcs.Log.FocusTextFilter" />
  <action id="Vcs.ShowMessageHistory">
    <keyboard-shortcut first-keystroke="ctrl m" />
  </action>
  <action id="ViewMembersInNavigationBar">
    <keyboard-shortcut first-keystroke="shift meta f" />
  </action>
  <action id="VimWindowNext">
    <keyboard-shortcut first-keystroke="ctrl w" />
  </action>
  <action id="XDebugger.JumpToSource" />
</keymap>